{"cameraMode":{"drawMode":0,"name":"Shaded","section":"Shading Mode"},"sceneLighting":true,"audioPlay":false,"sceneViewState":{"showFog":true,"showMaterialUpdate":false,"showSkybox":true,"showFlares":true,"showImageEffects":true,"showParticleSystems":true},"in2DMode":false,"pivot":{"x":302.4971618652344,"y":96.25210571289063,"z":161.10931396484376},"rotation":{"x":0.4803292155265808,"y":-0.06431664526462555,"z":0.03534606471657753,"w":0.8740125298500061},"size":165.4152374267578,"orthographic":false}