{"cameraMode":{"drawMode":0,"name":"Shaded","section":"Shading Mode"},"sceneLighting":true,"audioPlay":false,"sceneViewState":{"showFog":true,"showMaterialUpdate":false,"showSkybox":true,"showFlares":true,"showImageEffects":true,"showParticleSystems":true},"in2DMode":false,"pivot":{"x":257.4310302734375,"y":5.809390068054199,"z":268.1728210449219},"rotation":{"x":0.2929660975933075,"y":-0.6212092638015747,"z":0.2696361541748047,"w":0.6749565005302429},"size":-12.49544620513916,"orthographic":false}