{"cameraMode":{"drawMode":0,"name":"Shaded","section":"Shading Mode"},"sceneLighting":false,"audioPlay":false,"sceneViewState":{"showFog":true,"showMaterialUpdate":false,"showSkybox":false,"showFlares":true,"showImageEffects":true,"showParticleSystems":true},"in2DMode":false,"pivot":{"x":-4.221550941467285,"y":3.171760320663452,"z":-32.79732131958008},"rotation":{"x":-0.203223317861557,"y":0.7676127552986145,"z":-0.2928831875324249,"w":-0.5326259136199951},"size":1.7573683261871338,"orthographic":false}