{"cameraMode":{"drawMode":0,"name":"Shaded","section":"Shading Mode"},"sceneLighting":false,"audioPlay":false,"sceneViewState":{"showFog":true,"showMaterialUpdate":false,"showSkybox":false,"showFlares":true,"showImageEffects":true,"showParticleSystems":true},"in2DMode":false,"pivot":{"x":12.924999237060547,"y":-2.4850001335144045,"z":-54.93000030517578},"rotation":{"x":0.11971554905176163,"y":-0.0008926510345190764,"z":0.00010771158849820495,"w":0.9928078651428223},"size":22.162399291992189,"orthographic":false}